GeoFIPS,GeoName,Region,TableName,LineCode,IndustryClassification,Description,Unit,2008,2009,2010,2011,2012,2013,2014,2015,2016,2017,2018,2019,2020
 "00000","United States", ,PARPI,1,"...","Real personal income (thousands of constant (2012) dollars)","Thousands of chained 2012 dollars",13226438104,12835528512,13145590371,13578992118,14003346000,13999660322,14549525541,15207440020,15451718336,15883838361,16323319245,16740966295,17628679929
 "01998","Alabama (Metropolitan Portion)",5,PARPI,1,"...","Real personal income (thousands of constant (2012) dollars)","Thousands of chained 2012 dollars",143361487,142280257,143223819,145082147,146462882,146237179,149623235,157287782,157305082,161935230,170590827,173312539,181182431
 "01999","Alabama (Nonmetropolitan Portion)",5,PARPI,1,"...","Real personal income (thousands of constant (2012) dollars)","Thousands of chained 2012 dollars",44193582,45120355,44178220,44088956,43999218,44207468,44097823,46439516,45973825,46783248,47277695,47635702,49985941
 "02998","Alaska (Metropolitan Portion)",8,PARPI,1,"...","Real personal income (thousands of constant (2012) dollars)","Thousands of chained 2012 dollars",22977846,22522286,24625115,25265351,25630769,25324976,26183663,26899534,25793919,25561832,26235542,27002206,27479535
 "02999","Alaska (Nonmetropolitan Portion)",8,PARPI,1,"...","Real personal income (thousands of constant (2012) dollars)","Thousands of chained 2012 dollars",9881014,10228242,11065363,11575483,12398849,12224934,12635541,12727511,12612186,12363038,12608222,12959916,13117606
 "04998","Arizona (Metropolitan Portion)",6,PARPI,1,"...","Real personal income (thousands of constant (2012) dollars)","Thousands of chained 2012 dollars",221302319,207757301,214533646,222876989,230953089,232933484,243921783,257334570,262391517,274971753,286376544,296141500,320360799
 "04999","Arizona (Nonmetropolitan Portion)",6,PARPI,1,"...","Real personal income (thousands of constant (2012) dollars)","Thousands of chained 2012 dollars",10466649,10785784,10861563,11131480,11305422,11072388,11760673,11674649,12142529,12432022,13237553,13569669,15614163
 "05998","Arkansas (Metropolitan Portion)",5,PARPI,1,"...","Real personal income (thousands of constant (2012) dollars)","Thousands of chained 2012 dollars",70995052,70991213,71235303,74024005,79169414,77975106,82824153,86737880,88607708,90546946,94922169,97017814,100495667
 "05999","Arkansas (Nonmetropolitan Portion)",5,PARPI,1,"...","Real personal income (thousands of constant (2012) dollars)","Thousands of chained 2012 dollars",39566256,39758092,39140756,39629953,40576722,40576841,41112280,41332070,41483029,42494334,41930583,42154516,43937508
 "06998","California (Metropolitan Portion)",8,PARPI,1,"...","Real personal income (thousands of constant (2012) dollars)","Thousands of chained 2012 dollars",1510144314,1472103133,1527969066,1588115147,1654774635,1662705316,1745997918,1855948959,1930522776,1961645128,1996369966,2075257300,2218597106
 "06999","California (Nonmetropolitan Portion)",8,PARPI,1,"...","Real personal income (thousands of constant (2012) dollars)","Thousands of chained 2012 dollars",29456330,30266998,31487773,31606173,32321299,32101156,33476062,34238714,36245805,35145433,35358426,35696295,39226963
 "08998","Colorado (Metropolitan Portion)",7,PARPI,1,"...","Real personal income (thousands of constant (2012) dollars)","Thousands of chained 2012 dollars",188668010,181523068,188252153,194979073,201938193,209968441,226793384,236896314,239734427,252089156,271741136,276944576,285831336
 "08999","Colorado (Nonmetropolitan Portion)",7,PARPI,1,"...","Real personal income (thousands of constant (2012) dollars)","Thousands of chained 2012 dollars",27854153,26610206,26500319,27566116,28633483,29486466,31775550,32618919,33029043,33045163,36432192,36140572,38897938
 "09998","Connecticut (Metropolitan Portion)",1,PARPI,1,"...","Real personal income (thousands of constant (2012) dollars)","Thousands of chained 2012 dollars",200392098,198048539,208397238,206666819,207541373,199537115,206620968,211974427,213678823,215059670,226996475,228968132,233194229
 "09999","Connecticut (Nonmetropolitan Portion)",1,PARPI,1,"...","Real personal income (thousands of constant (2012) dollars)","Thousands of chained 2012 dollars",9714568,9321535,9679217,9801644,10142512,9807021,9907677,10078065,10096109,9973735,10384209,10498875,10617564
 "10998","Delaware (Metropolitan Portion)",2,PARPI,1,"...","Real personal income (thousands of constant (2012) dollars)","Thousands of chained 2012 dollars",38070533,38066441,37922268,40421964,40652805,41100590,41862444,44502308,45128735,46671045,48476530,48426334,51021287
 "10999","Delaware (Nonmetropolitan Portion)",2,PARPI,1,"...","Real personal income (thousands of constant (2012) dollars)","Thousands of chained 2012 dollars",0,0,0,0,0,0,0,0,0,0,0,0,0
 "11998","District of Columbia (Metropolitan Portion)",2,PARPI,1,"...","Real personal income (thousands of constant (2012) dollars)","Thousands of chained 2012 dollars",33524300,33788547,35459286,37585966,38919862,38129621,40169526,43505245,45811465,47068436,47210218,47856569,49939908
 "11999","District of Columbia (Nonmetropolitan Portion)",2,PARPI,1,"...","Real personal income (thousands of constant (2012) dollars)","Thousands of chained 2012 dollars",0,0,0,0,0,0,0,0,0,0,0,0,0
 "12998","Florida (Metropolitan Portion)",5,PARPI,1,"...","Real personal income (thousands of constant (2012) dollars)","Thousands of chained 2012 dollars",738312587,702309152,737347603,754496117,768474467,763135277,806867830,856000090,880088007,928626327,972700753,1012671116,1054886526
 "12999","Florida (Nonmetropolitan Portion)",5,PARPI,1,"...","Real personal income (thousands of constant (2012) dollars)","Thousands of chained 2012 dollars",22958180,22642527,22939594,23040971,23328810,22417745,23264110,24524829,24886135,26347420,26615414,27079019,28811226
 "13998","Georgia (Metropolitan Portion)",5,PARPI,1,"...","Real personal income (thousands of constant (2012) dollars)","Thousands of chained 2012 dollars",318367498,320546713,313688411,331788265,328625489,331250354,350340730,372611389,382543144,396524395,413091553,429464614,455075452
 "13999","Georgia (Nonmetropolitan Portion)",5,PARPI,1,"...","Real personal income (thousands of constant (2012) dollars)","Thousands of chained 2012 dollars",59369930,60235710,58163990,60126967,60053854,59704851,60830679,63957954,65012804,67187040,66345543,68557185,73885486
 "15998","Hawaii (Metropolitan Portion)",8,PARPI,1,"...","Real personal income (thousands of constant (2012) dollars)","Thousands of chained 2012 dollars",45699755,44168110,45560952,46306861,47514870,46472606,48655770,50627319,52121755,53515462,53499137,53756860,55216951
 "15999","Hawaii (Nonmetropolitan Portion)",8,PARPI,1,"...","Real personal income (thousands of constant (2012) dollars)","Thousands of chained 2012 dollars",8338693,8206276,8314729,8617364,8825502,8726429,9250770,9587437,10038824,10380654,10463313,10476136,11189014
 "16998","Idaho (Metropolitan Portion)",7,PARPI,1,"...","Real personal income (thousands of constant (2012) dollars)","Thousands of chained 2012 dollars",41215684,39643239,41321601,41842357,43618152,44993948,47005130,49685094,52256848,53347822,57801194,59854913,65510244
 "16999","Idaho (Nonmetropolitan Portion)",7,PARPI,1,"...","Real personal income (thousands of constant (2012) dollars)","Thousands of chained 2012 dollars",15018113,14588299,15289032,15678603,16501008,16748075,16873899,17687825,18257861,18410824,19596936,20404573,22578312
 "17998","Illinois (Metropolitan Portion)",3,PARPI,1,"...","Real personal income (thousands of constant (2012) dollars)","Thousands of chained 2012 dollars",521148478,489147986,496159295,504701636,526097240,533147665,558301406,589471011,583475085,585580003,605160957,620076221,640324010
 "17999","Illinois (Nonmetropolitan Portion)",3,PARPI,1,"...","Real personal income (thousands of constant (2012) dollars)","Thousands of chained 2012 dollars",64604636,61875892,61598361,64540323,62140230,65737444,63215270,63266499,65172906,65606153,63605536,63623124,70411733
 "18998","Indiana (Metropolitan Portion)",3,PARPI,1,"...","Real personal income (thousands of constant (2012) dollars)","Thousands of chained 2012 dollars",201319088,197674533,203134475,212665559,219147199,217166251,223500150,235483621,239901239,246738821,250980029,257656213,273100222
 "18999","Indiana (Nonmetropolitan Portion)",3,PARPI,1,"...","Real personal income (thousands of constant (2012) dollars)","Thousands of chained 2012 dollars",59456931,55499952,55215080,57522372,58210626,59565813,59981384,62410338,63426613,64573532,63133880,63949673,68853961
 "19998","Iowa (Metropolitan Portion)",4,PARPI,1,"...","Real personal income (thousands of constant (2012) dollars)","Thousands of chained 2012 dollars",79821039,78299654,78943163,82589438,85249858,84708108,86972939,92597366,93918919,95896418,97112209,98149548,103696380
 "19999","Iowa (Nonmetropolitan Portion)",4,PARPI,1,"...","Real personal income (thousands of constant (2012) dollars)","Thousands of chained 2012 dollars",60645997,55718432,54538552,59589164,59862069,60705032,60782442,63837356,61532765,62072408,60606146,60346682,63961398
 "20998","Kansas (Metropolitan Portion)",4,PARPI,1,"...","Real personal income (thousands of constant (2012) dollars)","Thousands of chained 2012 dollars",93354944,89582015,88261318,92873718,97862352,98007764,100210448,102172165,102202136,105061473,107858447,110989869,115617631
 "20999","Kansas (Nonmetropolitan Portion)",4,PARPI,1,"...","Real personal income (thousands of constant (2012) dollars)","Thousands of chained 2012 dollars",42112152,39301976,39482806,42288432,41690301,43435325,41469920,41653616,41808488,41398362,40267447,40642765,43965033
 "21998","Kentucky (Metropolitan Portion)",5,PARPI,1,"...","Real personal income (thousands of constant (2012) dollars)","Thousands of chained 2012 dollars",103432035,102631752,103645827,105758085,108592374,107688531,111967358,117971841,119813719,121997865,126181988,129313122,137131361
 "21999","Kentucky (Nonmetropolitan Portion)",5,PARPI,1,"...","Real personal income (thousands of constant (2012) dollars)","Thousands of chained 2012 dollars",63262992,64696932,63863035,64825448,65191460,64169282,65762888,68400407,68398455,69345558,68363406,69444103,75776159
 "22998","Louisiana (Metropolitan Portion)",5,PARPI,1,"...","Real personal income (thousands of constant (2012) dollars)","Thousands of chained 2012 dollars",165924675,162370339,164491141,164576001,170484276,171066977,177050308,178406317,174778824,178635182,186627074,189863122,197438249
 "22999","Louisiana (Nonmetropolitan Portion)",5,PARPI,1,"...","Real personal income (thousands of constant (2012) dollars)","Thousands of chained 2012 dollars",29175248,29385670,29233484,29598218,30055304,29835403,29641923,29690285,29147994,29843200,29793386,30594640,32453557
 "23998","Maine (Metropolitan Portion)",1,PARPI,1,"...","Real personal income (thousands of constant (2012) dollars)","Thousands of chained 2012 dollars",32453268,32402161,33489925,34103825,33900524,33343236,35682918,36228318,37384477,37693362,38791724,40022855,42385818
 "23999","Maine (Nonmetropolitan Portion)",1,PARPI,1,"...","Real personal income (thousands of constant (2012) dollars)","Thousands of chained 2012 dollars",21170655,21604314,21963176,22029084,22157551,21592577,22744908,22991778,23508943,23446698,23599122,24104913,25850782
 "24998","Maryland (Metropolitan Portion)",2,PARPI,1,"...","Real personal income (thousands of constant (2012) dollars)","Thousands of chained 2012 dollars",266364888,261801417,271372601,276302223,284533939,277367255,283978385,296879314,307612782,312583844,316875205,323322851,333914159
 "24999","Maryland (Nonmetropolitan Portion)",2,PARPI,1,"...","Real personal income (thousands of constant (2012) dollars)","Thousands of chained 2012 dollars",7231780,7280737,7109196,7338522,7397265,7228696,7479398,7735807,7921177,7993839,7927186,8212836,8586591
 "25998","Massachusetts (Metropolitan Portion)",1,PARPI,1,"...","Real personal income (thousands of constant (2012) dollars)","Thousands of chained 2012 dollars",334991730,335127054,346551081,353750370,364544325,366284265,373314837,396055828,395762175,410492469,418929196,430683825,451707409
 "25999","Massachusetts (Nonmetropolitan Portion)",1,PARPI,1,"...","Real personal income (thousands of constant (2012) dollars)","Thousands of chained 2012 dollars",1607952,1661723,1716210,1812148,1868833,1906693,2022716,2178022,2182125,2218075,2470326,2399609,2384458
 "26998","Michigan (Metropolitan Portion)",3,PARPI,1,"...","Real personal income (thousands of constant (2012) dollars)","Thousands of chained 2012 dollars",327460642,311564024,320484865,333296511,343224398,339627911,348621618,374765529,383235497,391416375,392240365,395127459,424410192
 "26999","Michigan (Nonmetropolitan Portion)",3,PARPI,1,"...","Real personal income (thousands of constant (2012) dollars)","Thousands of chained 2012 dollars",69539373,65823084,65795016,68193006,68390491,69292492,69959579,74108387,75189900,77074218,75440748,76313887,84573674
 "27998","Minnesota (Metropolitan Portion)",4,PARPI,1,"...","Real personal income (thousands of constant (2012) dollars)","Thousands of chained 2012 dollars",192727745,181306597,189222715,197104100,206285999,204724245,211571632,224602613,228683029,235638851,236970519,243931627,254039785
 "27999","Minnesota (Nonmetropolitan Portion)",4,PARPI,1,"...","Real personal income (thousands of constant (2012) dollars)","Thousands of chained 2012 dollars",56629263,52740248,53264846,56520864,57776724,57371433,57891092,60819352,60377749,61962411,60162673,60162877,66637528
 "28998","Mississippi (Metropolitan Portion)",5,PARPI,1,"...","Real personal income (thousands of constant (2012) dollars)","Thousands of chained 2012 dollars",52141811,52336068,52359622,53117085,54324908,54426534,55161089,56815480,56718530,57346648,59589626,60112087,63753492
 "28999","Mississippi (Nonmetropolitan Portion)",5,PARPI,1,"...","Real personal income (thousands of constant (2012) dollars)","Thousands of chained 2012 dollars",56083346,57140202,56515088,57014732,58689313,58341270,57999662,58874569,59536248,61053617,60240998,61155316,64887169
 "29998","Missouri (Metropolitan Portion)",4,PARPI,1,"...","Real personal income (thousands of constant (2012) dollars)","Thousands of chained 2012 dollars",203016093,196190974,193301176,197072369,205595603,201721079,204689443,216095894,221447341,222375799,231280865,235102244,246098359
 "29999","Missouri (Nonmetropolitan Portion)",4,PARPI,1,"...","Real personal income (thousands of constant (2012) dollars)","Thousands of chained 2012 dollars",59738883,57789618,55633555,57347688,56372141,57443983,57587769,58992691,60160904,61443924,58557552,59398954,63937829
 "30998","Montana (Metropolitan Portion)",7,PARPI,1,"...","Real personal income (thousands of constant (2012) dollars)","Thousands of chained 2012 dollars",14634658,14539329,15008921,15070794,16009882,16015895,16715768,17463446,17876365,18194103,19164693,19474202,20786838
 "30999","Montana (Nonmetropolitan Portion)",7,PARPI,1,"...","Real personal income (thousands of constant (2012) dollars)","Thousands of chained 2012 dollars",24080584,23867218,25463999,25973795,27631412,27443776,27846212,28341137,29229198,30082110,31997497,32475410,35482336
 "31998","Nebraska (Metropolitan Portion)",4,PARPI,1,"...","Real personal income (thousands of constant (2012) dollars)","Thousands of chained 2012 dollars",52806720,52342433,54537172,58436447,59687861,58021516,61197407,64512518,63974095,66305075,67572300,67909210,71248259
 "31999","Nebraska (Nonmetropolitan Portion)",4,PARPI,1,"...","Real personal income (thousands of constant (2012) dollars)","Thousands of chained 2012 dollars",32228216,30857061,30292315,34529670,33631658,35080606,35808049,36989695,35619354,34705729,33266241,34035601,37120056
 "32998","Nevada (Metropolitan Portion)",8,PARPI,1,"...","Real personal income (thousands of constant (2012) dollars)","Thousands of chained 2012 dollars",97365421,89557426,94170099,94051627,96693109,97669254,103810970,113437870,118204963,120159662,130548084,133107006,142146557
 "32999","Nevada (Nonmetropolitan Portion)",8,PARPI,1,"...","Real personal income (thousands of constant (2012) dollars)","Thousands of chained 2012 dollars",10391649,10530717,10941320,11068090,11002468,11154978,11379534,11782992,12298073,12410805,13147740,13390027,14533900
 "33998","New Hampshire (Metropolitan Portion)",1,PARPI,1,"...","Real personal income (thousands of constant (2012) dollars)","Thousands of chained 2012 dollars",38423182,38665534,39675119,40838544,42682636,42574217,43328333,44846884,44900639,46557726,48342319,49704758,51581866
 "33999","New Hampshire (Nonmetropolitan Portion)",1,PARPI,1,"...","Real personal income (thousands of constant (2012) dollars)","Thousands of chained 2012 dollars",22117734,22385796,23440284,23933519,24044848,23264426,24367826,24856000,25247399,25488898,26307551,26858757,28170013
 "34998","New Jersey (Metropolitan Portion)",2,PARPI,1,"...","Real personal income (thousands of constant (2012) dollars)","Thousands of chained 2012 dollars",448085786,419044158,434038387,438892983,446828135,447166004,460596597,478801662,487844569,495547339,498560124,509095556,529488916
 "34999","New Jersey (Nonmetropolitan Portion)",2,PARPI,1,"...","Real personal income (thousands of constant (2012) dollars)","Thousands of chained 2012 dollars",0,0,0,0,0,0,0,0,0,0,0,0,0
 "35998","New Mexico (Metropolitan Portion)",6,PARPI,1,"...","Real personal income (thousands of constant (2012) dollars)","Thousands of chained 2012 dollars",51461543,50431764,51458990,51087488,51213166,50689016,52600494,55426227,56777948,55787151,58877657,59730122,64795793
 "35999","New Mexico (Nonmetropolitan Portion)",6,PARPI,1,"...","Real personal income (thousands of constant (2012) dollars)","Thousands of chained 2012 dollars",24293248,23960598,25750350,26002348,26531567,25587952,27202816,26707968,26692993,26285636,28582276,29021467,31548353
 "36998","New York (Metropolitan Portion)",2,PARPI,1,"...","Real personal income (thousands of constant (2012) dollars)","Thousands of chained 2012 dollars",833889131,822658105,851143865,868225426,905125535,905063683,934409703,968977051,990470895,1039080832,1055507351,1073180224,1113881107
 "36999","New York (Nonmetropolitan Portion)",2,PARPI,1,"...","Real personal income (thousands of constant (2012) dollars)","Thousands of chained 2012 dollars",50192004,50226263,52305912,52261424,53155363,52789780,54489472,54902515,54721813,56196149,57059480,59372424,63433639
 "37998","North Carolina (Metropolitan Portion)",5,PARPI,1,"...","Real personal income (thousands of constant (2012) dollars)","Thousands of chained 2012 dollars",329192478,320119147,312100742,314514131,332325307,323094041,337048070,357598974,363955437,377576365,394279891,413908998,437283250
 "37999","North Carolina (Nonmetropolitan Portion)",5,PARPI,1,"...","Real personal income (thousands of constant (2012) dollars)","Thousands of chained 2012 dollars",72854313,73787724,72174173,71661583,73615685,71615258,74047454,76082869,77263120,79353536,77384126,80881339,86136541
 "38998","North Dakota (Metropolitan Portion)",4,PARPI,1,"...","Real personal income (thousands of constant (2012) dollars)","Thousands of chained 2012 dollars",14372406,14509832,15473860,16797012,18104925,18238534,19595819,20126116,20038349,20524187,21190895,21456819,22365130
 "38999","North Dakota (Nonmetropolitan Portion)",4,PARPI,1,"...","Real personal income (thousands of constant (2012) dollars)","Thousands of chained 2012 dollars",18554384,17224774,18908126,21194318,24462644,24193219,25044806,22982370,21648855,21704702,21652184,22461329,23798353
 "39998","Ohio (Metropolitan Portion)",3,PARPI,1,"...","Real personal income (thousands of constant (2012) dollars)","Thousands of chained 2012 dollars",393840558,381164934,388705190,407869473,415551648,414517681,426051261,445914757,449817969,461343345,467677190,474243461,508557624
 "39999","Ohio (Nonmetropolitan Portion)",3,PARPI,1,"...","Real personal income (thousands of constant (2012) dollars)","Thousands of chained 2012 dollars",93049445,88733550,87824578,93056451,91753275,93242534,95340042,99939573,100100720,102377197,100187551,100046226,108581906
 "40998","Oklahoma (Metropolitan Portion)",6,PARPI,1,"...","Real personal income (thousands of constant (2012) dollars)","Thousands of chained 2012 dollars",114644304,107023064,108291669,114077185,120253994,126068828,132120875,128912140,120689597,125115138,131536586,137262331,139151314
 "40999","Oklahoma (Nonmetropolitan Portion)",6,PARPI,1,"...","Real personal income (thousands of constant (2012) dollars)","Thousands of chained 2012 dollars",53711239,51008767,51590600,52682934,54436769,54661799,57335604,55669756,53239085,54467528,54012611,55523265,56859841
 "41998","Oregon (Metropolitan Portion)",8,PARPI,1,"...","Real personal income (thousands of constant (2012) dollars)","Thousands of chained 2012 dollars",129995599,121349342,123905263,126944859,129924997,131575713,140074329,149160698,156592143,160070499,161968933,167521684,179689449
 "41999","Oregon (Nonmetropolitan Portion)",8,PARPI,1,"...","Real personal income (thousands of constant (2012) dollars)","Thousands of chained 2012 dollars",21634667,22002608,22432491,22536756,23166152,23005821,24278278,25058310,26120958,26133586,26481185,27280698,30232607
 "42998","Pennsylvania (Metropolitan Portion)",2,PARPI,1,"...","Real personal income (thousands of constant (2012) dollars)","Thousands of chained 2012 dollars",507891468,494832677,510656343,526457058,541067140,541786206,559540536,576819535,590357854,588728234,613408921,622378193,660539507
 "42999","Pennsylvania (Nonmetropolitan Portion)",2,PARPI,1,"...","Real personal income (thousands of constant (2012) dollars)","Thousands of chained 2012 dollars",56047482,55733043,57099633,58830786,58652528,57467687,59514576,59621549,59885534,60329603,62385555,63771029,68408902
 "44998","Rhode Island (Metropolitan Portion)",1,PARPI,1,"...","Real personal income (thousands of constant (2012) dollars)","Thousands of chained 2012 dollars",45702651,44385544,46861404,47577012,48981494,47504182,49607384,50520282,50863617,51804789,52421656,53771604,56951911
 "44999","Rhode Island (Nonmetropolitan Portion)",1,PARPI,1,"...","Real personal income (thousands of constant (2012) dollars)","Thousands of chained 2012 dollars",0,0,0,0,0,0,0,0,0,0,0,0,0
 "45998","South Carolina (Metropolitan Portion)",5,PARPI,1,"...","Real personal income (thousands of constant (2012) dollars)","Thousands of chained 2012 dollars",146437898,144249999,145057675,148815636,155523801,155520622,164034848,173858307,178411928,186493149,193976816,202467639,214894859
 "45999","South Carolina (Nonmetropolitan Portion)",5,PARPI,1,"...","Real personal income (thousands of constant (2012) dollars)","Thousands of chained 2012 dollars",25933785,26222694,25573644,25790744,25929141,25240867,26248847,27713457,27703771,28529819,28024579,29736932,31802089
 "46998","South Dakota (Metropolitan Portion)",4,PARPI,1,"...","Real personal income (thousands of constant (2012) dollars)","Thousands of chained 2012 dollars",18389025,18294425,19101596,19547965,19811994,19631218,20777413,22612701,23021942,24072413,24406757,25699352,27292672
 "46999","South Dakota (Nonmetropolitan Portion)",4,PARPI,1,"...","Real personal income (thousands of constant (2012) dollars)","Thousands of chained 2012 dollars",22121770,20500997,20586345,23104554,21730329,22368371,22457224,22888336,22494746,22457099,22136225,22146232,24775832
 "47998","Tennessee (Metropolitan Portion)",5,PARPI,1,"...","Real personal income (thousands of constant (2012) dollars)","Thousands of chained 2012 dollars",202710039,203579682,206268342,212277853,219048870,218600254,225920495,238337339,240616003,249193039,269925743,272737114,281492136
 "47999","Tennessee (Nonmetropolitan Portion)",5,PARPI,1,"...","Real personal income (thousands of constant (2012) dollars)","Thousands of chained 2012 dollars",49835658,50866967,50347284,51626688,52194124,52369298,52957625,54819351,55180863,56720069,57622982,59006110,62368954
 "48998","Texas (Metropolitan Portion)",6,PARPI,1,"...","Real personal income (thousands of constant (2012) dollars)","Thousands of chained 2012 dollars",943795158,898828378,935158293,1006667104,1053052553,1062295356,1125646978,1146089773,1141604588,1208235007,1262651956,1284231850,1326701104
 "48999","Texas (Nonmetropolitan Portion)",6,PARPI,1,"...","Real personal income (thousands of constant (2012) dollars)","Thousands of chained 2012 dollars",112998212,112217743,115369354,121331627,123793358,126666279,131088584,132053144,126544380,132269779,132724619,136006444,139871540
 "49998","Utah (Metropolitan Portion)",7,PARPI,1,"...","Real personal income (thousands of constant (2012) dollars)","Thousands of chained 2012 dollars",87673999,81892017,84623804,86857833,91218495,93641253,98932695,107096465,113014233,114870773,123898236,129402647,141273742
 "49999","Utah (Nonmetropolitan Portion)",7,PARPI,1,"...","Real personal income (thousands of constant (2012) dollars)","Thousands of chained 2012 dollars",10832274,10456743,11142049,11825183,12703857,12843283,13291178,13672545,14366236,14912359,17038922,17992247,19388943
 "50998","Vermont (Metropolitan Portion)",1,PARPI,1,"...","Real personal income (thousands of constant (2012) dollars)","Thousands of chained 2012 dollars",9479903,9297340,9717944,10163004,10285348,10237863,10780157,10980280,11097951,11051193,11421324,11592280,12046624
 "50999","Vermont (Nonmetropolitan Portion)",1,PARPI,1,"...","Real personal income (thousands of constant (2012) dollars)","Thousands of chained 2012 dollars",17422197,17420904,17867268,18466145,18500905,18414878,19143426,19201954,19467008,19409561,19626234,20262060,21468865
 "51998","Virginia (Metropolitan Portion)",5,PARPI,1,"...","Real personal income (thousands of constant (2012) dollars)","Thousands of chained 2012 dollars",326309850,322046851,327884065,340084451,353778345,343296315,353741321,368548677,377709527,392565947,396661833,412667038,427931564
 "51999","Virginia (Nonmetropolitan Portion)",5,PARPI,1,"...","Real personal income (thousands of constant (2012) dollars)","Thousands of chained 2012 dollars",39821616,40305904,39555032,40237643,40126348,39220485,39772867,41322991,42008214,43154065,42270378,44045837,47265880
 "53998","Washington (Metropolitan Portion)",8,PARPI,1,"...","Real personal income (thousands of constant (2012) dollars)","Thousands of chained 2012 dollars",270631462,256853249,265902727,273001159,291400945,295292710,310294454,328320813,338330180,345403003,363285933,375176747,397252861
 "53999","Washington (Nonmetropolitan Portion)",8,PARPI,1,"...","Real personal income (thousands of constant (2012) dollars)","Thousands of chained 2012 dollars",25716745,25710620,26684272,26985194,27934783,27639925,28511417,29749128,30507148,30888160,30968840,32974331,36449293
 "54998","West Virginia (Metropolitan Portion)",5,PARPI,1,"...","Real personal income (thousands of constant (2012) dollars)","Thousands of chained 2012 dollars",45745252,46711343,46310707,47539704,48098132,47156072,47755505,48540079,48129137,50241954,51577558,52588513,54924214
 "54999","West Virginia (Nonmetropolitan Portion)",5,PARPI,1,"...","Real personal income (thousands of constant (2012) dollars)","Thousands of chained 2012 dollars",24215927,25031668,24810158,25670676,25963206,24893279,25302651,25325284,24851024,25476001,25850088,26185488,27421630
 "55998","Wisconsin (Metropolitan Portion)",3,PARPI,1,"...","Real personal income (thousands of constant (2012) dollars)","Thousands of chained 2012 dollars",186479366,183322849,185833041,193240002,197950050,196784597,201736863,211549976,212713906,217105191,223811098,227350884,238946859
 "55999","Wisconsin (Nonmetropolitan Portion)",3,PARPI,1,"...","Real personal income (thousands of constant (2012) dollars)","Thousands of chained 2012 dollars",63103375,60903644,60278929,62212331,63600442,63409953,64975428,68376527,69019468,70912410,68568437,69713845,74567449
 "56998","Wyoming (Metropolitan Portion)",7,PARPI,1,"...","Real personal income (thousands of constant (2012) dollars)","Thousands of chained 2012 dollars",9127380,7912328,8488532,8842224,9531877,9864387,10500964,10982702,9921931,9612636,10587439,10630534,10798658
 "56999","Wyoming (Nonmetropolitan Portion)",7,PARPI,1,"...","Real personal income (thousands of constant (2012) dollars)","Thousands of chained 2012 dollars",20931751,19495380,20275879,21286997,22626916,22037801,22889308,22564493,21512235,22319591,23733913,23943076,24420067
 "00000","United States", ,PARPI,2,"...","Real per capita personal income (constant (2012) dollars) 2/","Chained 2012 dollars",43495,41841,42497,43581,44614,44294,45698,47414,47828,48855,49943,50988,53504
 "01998","Alabama (Metropolitan Portion)",5,PARPI,2,"...","Real per capita personal income (constant (2012) dollars) 2/","Chained 2012 dollars",40878,40117,40076,40397,40539,40253,40993,42922,42743,43818,45944,46437,48315
 "01999","Alabama (Nonmetropolitan Portion)",5,PARPI,2,"...","Real per capita personal income (constant (2012) dollars) 2/","Chained 2012 dollars",36488,37249,36459,36491,36552,36883,36940,39014,38746,39567,40114,40515,42668
 "02998","Alaska (Metropolitan Portion)",8,PARPI,2,"...","Real per capita personal income (constant (2012) dollars) 2/","Chained 2012 dollars",49932,47940,51115,51924,51999,50773,52553,53873,51259,50975,52740,54610,55744
 "02999","Alaska (Nonmetropolitan Portion)",8,PARPI,2,"...","Real per capita personal income (constant (2012) dollars) 2/","Chained 2012 dollars",43477,44646,47651,49098,52118,51185,52904,53227,52690,51614,52716,54192,55070
 "04998","Arizona (Metropolitan Portion)",6,PARPI,2,"...","Real per capita personal income (constant (2012) dollars) 2/","Chained 2012 dollars",37272,34642,35397,36381,37190,37042,38198,39672,39776,41044,42033,42681,45337
 "04999","Arizona (Nonmetropolitan Portion)",6,PARPI,2,"...","Real per capita personal income (constant (2012) dollars) 2/","Chained 2012 dollars",30529,31189,31348,32066,32654,31971,33871,33724,34895,35663,37706,38400,43967
 "05998","Arkansas (Metropolitan Portion)",5,PARPI,2,"...","Real per capita personal income (constant (2012) dollars) 2/","Chained 2012 dollars",41034,40501,40119,41200,43659,42678,44987,46723,47317,47940,49931,50712,52106
 "05999","Arkansas (Nonmetropolitan Portion)",5,PARPI,2,"...","Real per capita personal income (constant (2012) dollars) 2/","Chained 2012 dollars",34574,34753,34143,34632,35609,35801,36457,36795,37066,38108,37739,38050,39876
 "06998","California (Metropolitan Portion)",8,PARPI,2,"...","Real per capita personal income (constant (2012) dollars) 2/","Chained 2012 dollars",42228,40759,41892,43161,44592,44429,46242,48744,50382,50949,51718,53764,57577
 "06999","California (Nonmetropolitan Portion)",8,PARPI,2,"...","Real per capita personal income (constant (2012) dollars) 2/","Chained 2012 dollars",34960,35860,37258,37569,38691,38683,40395,41291,43589,42074,42271,42585,46961
 "08998","Colorado (Metropolitan Portion)",7,PARPI,2,"...","Real per capita personal income (constant (2012) dollars) 2/","Chained 2012 dollars",44809,42370,43172,43957,44795,45800,48621,49750,49496,51330,54516,54916,56133
 "08999","Colorado (Nonmetropolitan Portion)",7,PARPI,2,"...","Real per capita personal income (constant (2012) dollars) 2/","Chained 2012 dollars",41007,38677,38575,40170,41766,42961,46177,47094,47162,46786,51133,50517,54354
 "09998","Connecticut (Metropolitan Portion)",1,PARPI,2,"...","Real per capita personal income (constant (2012) dollars) 2/","Chained 2012 dollars",59722,58737,61485,60791,60905,58534,60587,62265,62902,63372,66893,67629,69046
 "09999","Connecticut (Nonmetropolitan Portion)",1,PARPI,2,"...","Real per capita personal income (constant (2012) dollars) 2/","Chained 2012 dollars",51082,49057,51007,51866,54067,52482,53445,54721,55219,54885,57323,58199,59115
 "10998","Delaware (Metropolitan Portion)",2,PARPI,2,"...","Real per capita personal income (constant (2012) dollars) 2/","Chained 2012 dollars",43072,42688,42152,44538,44404,44478,44862,47239,47504,48720,50132,49583,51703
 "10999","Delaware (Nonmetropolitan Portion)",2,PARPI,2,"...","Real per capita personal income (constant (2012) dollars) 2/","Chained 2012 dollars",0,0,0,0,0,0,0,0,0,0,0,0,0
 "11998","District of Columbia (Metropolitan Portion)",2,PARPI,2,"...","Real per capita personal income (constant (2012) dollars) 2/","Chained 2012 dollars",57777,57053,58583,60594,61220,58521,60532,64260,66627,67522,67046,67570,70060
 "11999","District of Columbia (Nonmetropolitan Portion)",2,PARPI,2,"...","Real per capita personal income (constant (2012) dollars) 2/","Chained 2012 dollars",0,0,0,0,0,0,0,0,0,0,0,0,0
 "12998","Florida (Metropolitan Portion)",5,PARPI,2,"...","Real per capita personal income (constant (2012) dollars) 2/","Chained 2012 dollars",41370,39079,40594,41063,41265,40433,42079,43811,44132,45774,47300,48682,50141
 "12999","Florida (Nonmetropolitan Portion)",5,PARPI,2,"...","Real per capita personal income (constant (2012) dollars) 2/","Chained 2012 dollars",33729,33242,33621,33801,34344,33082,34280,36022,36328,38197,38557,39231,41467
 "13998","Georgia (Metropolitan Portion)",5,PARPI,2,"...","Real per capita personal income (constant (2012) dollars) 2/","Chained 2012 dollars",41126,40837,39540,41343,40440,40382,42212,44312,44850,45945,47356,48685,51165
 "13999","Georgia (Nonmetropolitan Portion)",5,PARPI,2,"...","Real per capita personal income (constant (2012) dollars) 2/","Chained 2012 dollars",33664,34003,32698,33809,33790,33679,34336,36040,36544,37607,36935,37945,40693
 "15998","Hawaii (Metropolitan Portion)",8,PARPI,2,"...","Real per capita personal income (constant (2012) dollars) 2/","Chained 2012 dollars",42116,40278,40993,41178,41778,40494,42265,43801,44982,46393,46580,47103,48786
 "15999","Hawaii (Nonmetropolitan Portion)",8,PARPI,2,"...","Real per capita personal income (constant (2012) dollars) 2/","Chained 2012 dollars",33745,32806,32921,33794,34223,33412,35024,35886,37159,38131,38110,38185,40659
 "16998","Idaho (Metropolitan Portion)",7,PARPI,2,"...","Real per capita personal income (constant (2012) dollars) 2/","Chained 2012 dollars",37363,35392,36453,36445,37567,38227,39312,40908,42109,42010,44518,45034,48143
 "16999","Idaho (Nonmetropolitan Portion)",7,PARPI,2,"...","Real per capita personal income (constant (2012) dollars) 2/","Chained 2012 dollars",34828,33588,34966,35945,37948,38500,38652,40390,41211,40925,43195,44362,48433
 "17998","Illinois (Metropolitan Portion)",3,PARPI,2,"...","Real per capita personal income (constant (2012) dollars) 2/","Chained 2012 dollars",46400,43341,43785,44411,46198,46723,48934,51736,51332,51664,53603,55159,57292
 "17999","Illinois (Nonmetropolitan Portion)",3,PARPI,2,"...","Real per capita personal income (constant (2012) dollars) 2/","Chained 2012 dollars",42633,40954,40828,42926,41563,44270,42835,43166,44795,45388,44323,44636,49902
 "18998","Indiana (Metropolitan Portion)",3,PARPI,2,"...","Real per capita personal income (constant (2012) dollars) 2/","Chained 2012 dollars",40734,39711,40556,42216,43281,42612,43623,45790,46380,47465,47948,48918,51596
 "18999","Indiana (Nonmetropolitan Portion)",3,PARPI,2,"...","Real per capita personal income (constant (2012) dollars) 2/","Chained 2012 dollars",40107,37463,37261,38873,39447,40405,40731,42492,43283,44116,43122,43683,47098
 "19998","Iowa (Metropolitan Portion)",4,PARPI,2,"...","Real per capita personal income (constant (2012) dollars) 2/","Chained 2012 dollars",45553,44204,44121,45663,46757,45938,46645,49205,49500,50138,50479,50668,53278
 "19999","Iowa (Nonmetropolitan Portion)",4,PARPI,2,"...","Real per capita personal income (constant (2012) dollars) 2/","Chained 2012 dollars",47961,44167,43230,47365,47753,48565,48780,51454,49789,50420,49430,49364,52546
 "20998","Kansas (Metropolitan Portion)",4,PARPI,2,"...","Real per capita personal income (constant (2012) dollars) 2/","Chained 2012 dollars",49609,47001,45774,47826,49911,49706,50515,51132,50904,52197,53364,54769,56856
 "20999","Kansas (Nonmetropolitan Portion)",4,PARPI,2,"...","Real per capita personal income (constant (2012) dollars) 2/","Chained 2012 dollars",45465,42408,42452,45580,45056,47081,45169,45648,46185,46095,45165,45867,49945
 "21998","Kentucky (Metropolitan Portion)",5,PARPI,2,"...","Real per capita personal income (constant (2012) dollars) 2/","Chained 2012 dollars",41842,41092,41048,41584,42350,41655,43083,45151,45611,46131,47542,48559,51350
 "21999","Kentucky (Nonmetropolitan Portion)",5,PARPI,2,"...","Real per capita personal income (constant (2012) dollars) 2/","Chained 2012 dollars",34800,35558,35023,35471,35747,35226,36171,37659,37718,38291,37767,38381,41941
 "22998","Louisiana (Metropolitan Portion)",5,PARPI,2,"...","Real per capita personal income (constant (2012) dollars) 2/","Chained 2012 dollars",45139,43544,43527,43173,44411,44242,45531,45595,44486,45489,47563,48399,50403
 "22999","Louisiana (Nonmetropolitan Portion)",5,PARPI,2,"...","Real per capita personal income (constant (2012) dollars) 2/","Chained 2012 dollars",38401,38524,38184,38731,39379,39288,39137,39367,38737,39967,40224,41604,44571
 "23998","Maine (Metropolitan Portion)",1,PARPI,2,"...","Real per capita personal income (constant (2012) dollars) 2/","Chained 2012 dollars",41829,41738,43185,43869,43533,42704,45454,46123,47425,47602,48733,50012,52757
 "23999","Maine (Nonmetropolitan Portion)",1,PARPI,2,"...","Real per capita personal income (constant (2012) dollars) 2/","Chained 2012 dollars",38169,39049,39778,39975,40333,39422,41644,42293,43210,43109,43372,44189,47284
 "24998","Maryland (Metropolitan Portion)",2,PARPI,2,"...","Real per capita personal income (constant (2012) dollars) 2/","Chained 2012 dollars",48151,46942,48160,48591,49611,48052,48894,50863,52533,53186,53788,54764,56543
 "24999","Maryland (Nonmetropolitan Portion)",2,PARPI,2,"...","Real per capita personal income (constant (2012) dollars) 2/","Chained 2012 dollars",47227,47507,46171,47665,48324,47266,49191,51008,52328,52927,52513,54377,57107
 "25998","Massachusetts (Metropolitan Portion)",1,PARPI,2,"...","Real per capita personal income (constant (2012) dollars) 2/","Chained 2012 dollars",51996,51629,52992,53701,54925,54772,55415,58508,58210,60058,61094,62726,65801
 "25999","Massachusetts (Nonmetropolitan Portion)",1,PARPI,2,"...","Real per capita personal income (constant (2012) dollars) 2/","Chained 2012 dollars",61134,62475,64186,67519,68831,68742,71868,77172,76754,77615,86445,83346,82687
 "26998","Michigan (Metropolitan Portion)",3,PARPI,2,"...","Real per capita personal income (constant (2012) dollars) 2/","Chained 2012 dollars",40353,38555,39751,41294,42418,41871,42882,46067,46986,47869,47917,48286,51971
 "26999","Michigan (Nonmetropolitan Portion)",3,PARPI,2,"...","Real per capita personal income (constant (2012) dollars) 2/","Chained 2012 dollars",37958,36156,36244,37639,37852,38422,38818,41188,41826,42821,41876,42355,46978
 "27998","Minnesota (Metropolitan Portion)",4,PARPI,2,"...","Real per capita personal income (constant (2012) dollars) 2/","Chained 2012 dollars",48172,44920,46559,48063,49877,49053,50225,52918,53377,54482,54329,55532,57594
 "27999","Minnesota (Nonmetropolitan Portion)",4,PARPI,2,"...","Real per capita personal income (constant (2012) dollars) 2/","Chained 2012 dollars",45442,42361,42720,45375,46535,46223,46679,49062,48652,49800,48245,48229,53462
 "28998","Mississippi (Metropolitan Portion)",5,PARPI,2,"...","Real per capita personal income (constant (2012) dollars) 2/","Chained 2012 dollars",38523,38316,37966,38149,38782,38669,38987,39975,39726,39991,41469,41742,44301
 "28999","Mississippi (Nonmetropolitan Portion)",5,PARPI,2,"...","Real per capita personal income (constant (2012) dollars) 2/","Chained 2012 dollars",35178,35873,35511,35931,37055,36870,36777,37525,38095,39220,38968,39759,42474
 "29998","Missouri (Metropolitan Portion)",4,PARPI,2,"...","Real per capita personal income (constant (2012) dollars) 2/","Chained 2012 dollars",46359,44470,43550,44236,45966,44897,45361,47661,48639,48620,50387,51042,53241
 "29999","Missouri (Nonmetropolitan Portion)",4,PARPI,2,"...","Real per capita personal income (constant (2012) dollars) 2/","Chained 2012 dollars",38674,37300,35721,36852,36292,37060,37233,38272,39103,39961,38125,38711,41812
 "30998","Montana (Metropolitan Portion)",7,PARPI,2,"...","Real per capita personal income (constant (2012) dollars) 2/","Chained 2012 dollars",41642,40959,41858,41741,44013,43560,45167,46854,47526,47965,50303,50822,53744
 "30999","Montana (Nonmetropolitan Portion)",7,PARPI,2,"...","Real per capita personal income (constant (2012) dollars) 2/","Chained 2012 dollars",38531,37944,40281,40809,43146,42451,42672,43021,43888,44596,46997,47275,51142
 "31998","Nebraska (Metropolitan Portion)",4,PARPI,2,"...","Real per capita personal income (constant (2012) dollars) 2/","Chained 2012 dollars",47284,46221,47535,50381,50852,48861,50883,53060,51990,53371,53894,53754,56054
 "31999","Nebraska (Nonmetropolitan Portion)",4,PARPI,2,"...","Real per capita personal income (constant (2012) dollars) 2/","Chained 2012 dollars",47423,45362,44398,50703,49462,51716,52873,54700,52693,51442,49525,50857,55696
 "32998","Nevada (Metropolitan Portion)",8,PARPI,2,"...","Real per capita personal income (constant (2012) dollars) 2/","Chained 2012 dollars",40793,37059,38696,38470,39063,38965,40736,43655,44630,44523,47422,47397,49819
 "32999","Nevada (Nonmetropolitan Portion)",8,PARPI,2,"...","Real per capita personal income (constant (2012) dollars) 2/","Chained 2012 dollars",38944,39283,40690,41254,40845,41259,42056,43633,45381,45415,47320,47412,51001
 "33998","New Hampshire (Metropolitan Portion)",1,PARPI,2,"...","Real per capita personal income (constant (2012) dollars) 2/","Chained 2012 dollars",47029,47253,48410,49608,51579,51286,51847,53429,53148,54738,56651,57924,59869
 "33999","New Hampshire (Nonmetropolitan Portion)",1,PARPI,2,"...","Real per capita personal income (constant (2012) dollars) 2/","Chained 2012 dollars",44334,44966,47141,48135,48364,46796,48877,49901,50609,50994,52434,53431,55815
 "34998","New Jersey (Metropolitan Portion)",2,PARPI,2,"...","Real per capita personal income (constant (2012) dollars) 2/","Chained 2012 dollars",51439,47860,49326,49713,50514,50483,51943,53978,54977,55754,56070,57258,59611
 "34999","New Jersey (Nonmetropolitan Portion)",2,PARPI,2,"...","Real per capita personal income (constant (2012) dollars) 2/","Chained 2012 dollars",0,0,0,0,0,0,0,0,0,0,0,0,0
 "35998","New Mexico (Metropolitan Portion)",6,PARPI,2,"...","Real per capita personal income (constant (2012) dollars) 2/","Chained 2012 dollars",38610,37235,37441,36837,36762,36298,37687,39680,40523,39691,41801,42281,45626
 "35999","New Mexico (Nonmetropolitan Portion)",6,PARPI,2,"...","Real per capita personal income (constant (2012) dollars) 2/","Chained 2012 dollars",35841,35113,37308,37475,38197,36746,39167,38526,38606,38244,41712,42248,45978
 "36998","New York (Metropolitan Portion)",2,PARPI,2,"...","Real per capita personal income (constant (2012) dollars) 2/","Chained 2012 dollars",46882,46000,47340,48012,49835,49671,51183,53033,54247,57022,58066,59278,61934
 "36999","New York (Nonmetropolitan Portion)",2,PARPI,2,"...","Real per capita personal income (constant (2012) dollars) 2/","Chained 2012 dollars",35209,35290,36821,36895,37647,37561,39002,39611,39716,40978,41756,43693,46929
 "37998","North Carolina (Metropolitan Portion)",5,PARPI,2,"...","Real per capita personal income (constant (2012) dollars) 2/","Chained 2012 dollars",44855,42864,41150,41005,42797,41087,42358,44371,44475,45520,46910,48620,50787
 "37999","North Carolina (Nonmetropolitan Portion)",5,PARPI,2,"...","Real per capita personal income (constant (2012) dollars) 2/","Chained 2012 dollars",36976,37242,36265,36033,37056,36112,37394,38467,39053,40056,38958,40679,43268
 "38998","North Dakota (Metropolitan Portion)",4,PARPI,2,"...","Real per capita personal income (constant (2012) dollars) 2/","Chained 2012 dollars",45137,44867,47114,50456,53107,51884,54601,54855,53788,54428,55757,56321,58391
 "38999","North Dakota (Nonmetropolitan Portion)",4,PARPI,2,"...","Real per capita personal income (constant (2012) dollars) 2/","Chained 2012 dollars",54708,50428,54598,60105,67705,65102,65934,59136,56440,57168,56979,58684,62253
 "39998","Ohio (Metropolitan Portion)",3,PARPI,2,"...","Real per capita personal income (constant (2012) dollars) 2/","Chained 2012 dollars",43014,41547,42311,44343,45111,44837,45924,47960,48261,49344,49909,50502,54137
 "39999","Ohio (Nonmetropolitan Portion)",3,PARPI,2,"...","Real per capita personal income (constant (2012) dollars) 2/","Chained 2012 dollars",39441,37686,37332,39637,39225,39938,40931,42990,43156,44202,43365,43387,47223
 "40998","Oklahoma (Metropolitan Portion)",6,PARPI,2,"...","Real per capita personal income (constant (2012) dollars) 2/","Chained 2012 dollars",48619,44669,44518,46400,48358,50074,51980,50090,46516,48028,50239,52010,52293
 "40999","Oklahoma (Nonmetropolitan Portion)",6,PARPI,2,"...","Real per capita personal income (constant (2012) dollars) 2/","Chained 2012 dollars",40971,38595,38863,39603,40851,40907,42870,41641,39922,40997,40755,42014,43082
 "41998","Oregon (Metropolitan Portion)",8,PARPI,2,"...","Real per capita personal income (constant (2012) dollars) 2/","Chained 2012 dollars",41687,38437,38911,39430,40003,40195,42258,44336,45636,46021,46161,47387,50515
 "41999","Oregon (Nonmetropolitan Portion)",8,PARPI,2,"...","Real per capita personal income (constant (2012) dollars) 2/","Chained 2012 dollars",33266,33771,34337,34503,35521,35357,37309,38304,39463,39058,39247,40065,44179
 "42998","Pennsylvania (Metropolitan Portion)",2,PARPI,2,"...","Real per capita personal income (constant (2012) dollars) 2/","Chained 2012 dollars",45753,44358,45586,46835,48022,48014,49496,50999,52154,51943,54021,54815,58215
 "42999","Pennsylvania (Nonmetropolitan Portion)",2,PARPI,2,"...","Real per capita personal income (constant (2012) dollars) 2/","Chained 2012 dollars",37078,36876,37830,39052,39049,38421,40007,40300,40767,41303,42902,44139,47614
 "44998","Rhode Island (Metropolitan Portion)",1,PARPI,2,"...","Real per capita personal income (constant (2012) dollars) 2/","Chained 2012 dollars",43320,42126,44461,45147,46433,45004,46954,47801,48084,49032,49485,50816,53874
 "44999","Rhode Island (Nonmetropolitan Portion)",1,PARPI,2,"...","Real per capita personal income (constant (2012) dollars) 2/","Chained 2012 dollars",0,0,0,0,0,0,0,0,0,0,0,0,0
 "45998","South Carolina (Metropolitan Portion)",5,PARPI,2,"...","Real per capita personal income (constant (2012) dollars) 2/","Chained 2012 dollars",38834,37648,37401,37970,39185,38691,40194,41867,42256,43494,44563,45802,47916
 "45999","South Carolina (Nonmetropolitan Portion)",5,PARPI,2,"...","Real per capita personal income (constant (2012) dollars) 2/","Chained 2012 dollars",34208,34582,33765,34235,34567,33793,35196,37278,37392,38590,37931,40339,43375
 "46998","South Dakota (Metropolitan Portion)",4,PARPI,2,"...","Real per capita personal income (constant (2012) dollars) 2/","Chained 2012 dollars",51256,50094,51580,52159,51857,50458,52519,56515,56608,58095,58073,60025,62847
 "46999","South Dakota (Nonmetropolitan Portion)",4,PARPI,2,"...","Real per capita personal income (constant (2012) dollars) 2/","Chained 2012 dollars",50236,46396,46172,51462,48096,49304,49459,50354,49222,48887,48216,48251,54043
 "47998","Tennessee (Metropolitan Portion)",5,PARPI,2,"...","Real per capita personal income (constant (2012) dollars) 2/","Chained 2012 dollars",42159,41880,42042,42891,43770,43339,44400,46392,46364,47517,50946,51041,52207
 "47999","Tennessee (Nonmetropolitan Portion)",5,PARPI,2,"...","Real per capita personal income (constant (2012) dollars) 2/","Chained 2012 dollars",34627,35202,34740,35578,35966,36042,36365,37603,37756,38572,38936,39685,41719
 "48998","Texas (Metropolitan Portion)",6,PARPI,2,"...","Real per capita personal income (constant (2012) dollars) 2/","Chained 2012 dollars",44287,41263,42118,44545,45718,45346,47099,46987,45981,47945,49467,49628,50561
 "48999","Texas (Nonmetropolitan Portion)",6,PARPI,2,"...","Real per capita personal income (constant (2012) dollars) 2/","Chained 2012 dollars",37691,37171,37971,39825,40578,41486,42793,42915,41005,42796,42826,43735,44812
 "49998","Utah (Metropolitan Portion)",7,PARPI,2,"...","Real per capita personal income (constant (2012) dollars) 2/","Chained 2012 dollars",36954,33767,34214,34607,35819,36185,37709,40195,41516,41343,43864,45125,48556
 "49999","Utah (Nonmetropolitan Portion)",7,PARPI,2,"...","Real per capita personal income (constant (2012) dollars) 2/","Chained 2012 dollars",37287,35061,36885,38772,41316,41305,42229,42837,44610,45878,51550,53595,56960
 "50998","Vermont (Metropolitan Portion)",1,PARPI,2,"...","Real per capita personal income (constant (2012) dollars) 2/","Chained 2012 dollars",45286,44182,45938,47649,48046,47622,49936,50505,50965,50411,51876,52570,54470
 "50999","Vermont (Nonmetropolitan Portion)",1,PARPI,2,"...","Real per capita personal income (constant (2012) dollars) 2/","Chained 2012 dollars",42000,42041,43122,44614,44874,44738,46712,47018,47877,47818,48504,50211,53380
 "51998","Virginia (Metropolitan Portion)",5,PARPI,2,"...","Real per capita personal income (constant (2012) dollars) 2/","Chained 2012 dollars",48366,47083,47259,48445,49765,47804,48828,50491,51360,52965,53213,54999,56764
 "51999","Virginia (Nonmetropolitan Portion)",5,PARPI,2,"...","Real per capita personal income (constant (2012) dollars) 2/","Chained 2012 dollars",36642,37113,36422,37175,37207,36500,37146,38690,39501,40740,40003,41809,44942
 "53998","Washington (Metropolitan Portion)",8,PARPI,2,"...","Real per capita personal income (constant (2012) dollars) 2/","Chained 2012 dollars",46248,43166,44170,44741,47214,47318,49031,51049,51627,51796,53773,54910,57549
 "53999","Washington (Nonmetropolitan Portion)",8,PARPI,2,"...","Real per capita personal income (constant (2012) dollars) 2/","Chained 2012 dollars",36194,35857,36908,37185,38444,38091,39112,40430,40863,40675,40170,42199,46092
 "54998","West Virginia (Metropolitan Portion)",5,PARPI,2,"...","Real per capita personal income (constant (2012) dollars) 2/","Chained 2012 dollars",39143,39760,39236,40166,40543,39743,40274,41022,40851,42910,44325,45390,47596
 "54999","West Virginia (Nonmetropolitan Portion)",5,PARPI,2,"...","Real per capita personal income (constant (2012) dollars) 2/","Chained 2012 dollars",36055,37197,36813,38142,38687,37252,38060,38368,37983,39326,40245,41129,43470
 "55998","Wisconsin (Metropolitan Portion)",3,PARPI,2,"...","Real per capita personal income (constant (2012) dollars) 2/","Chained 2012 dollars",44820,43746,44125,45707,46612,46142,47111,49252,49372,50205,51610,52260,54821
 "55999","Wisconsin (Nonmetropolitan Portion)",3,PARPI,2,"...","Real per capita personal income (constant (2012) dollars) 2/","Chained 2012 dollars",42627,41189,40757,42092,43146,43041,44170,46588,47056,48281,46559,47288,50590
 "56998","Wyoming (Metropolitan Portion)",7,PARPI,2,"...","Real per capita personal income (constant (2012) dollars) 2/","Chained 2012 dollars",56079,47760,50610,52308,54980,55743,59135,61250,55410,53937,59345,59190,59526
 "56999","Wyoming (Nonmetropolitan Portion)",7,PARPI,2,"...","Real per capita personal income (constant (2012) dollars) 2/","Chained 2012 dollars",54612,49458,51097,53425,56107,54326,56435,55430,52962,55553,59239,59780,60910
"Note: See the included footnote file."
"PARPI: Real Personal Income by Portion 1/"
"Last updated: December 14, 2021-- new statistics for 2020; revised statistics for 2008-2019."
"Source: U.S. Department of Commerce / Bureau of Economic Analysis / Regional Economic Accounts"
